{
  "inter_eye_distance": {
    "mean": 1.0,
    "std": 0.0,
    "min": 1.0,
    "max": 1.0,
    "count": 2
  },
  "left_eye_width_ratio": {
    "mean": 0.35999998560000057,
    "std": 0.0,
    "min": 0.35999998560000057,
    "max": 0.35999998560000057,
    "count": 2
  },
  "right_eye_width_ratio": {
    "mean": 0.35999998560000057,
    "std": 0.0,
    "min": 0.35999998560000057,
    "max": 0.35999998560000057,
    "count": 2
  },
  "eye_size_symmetry": {
    "mean": 0.9999998888889013,
    "std": 0.0,
    "min": 0.9999998888889013,
    "max": 0.9999998888889013,
    "count": 2
  },
  "eye_tilt_angle": {
    "mean": 0.0,
    "std": 0.0,
    "min": 0.0,
    "max": 0.0,
    "count": 2
  },
  "left_eye_aspect_ratio": {
    "mean": 0.35,
    "std": 0.0,
    "min": 0.35,
    "max": 0.35,
    "count": 2
  },
  "right_eye_aspect_ratio": {
    "mean": 0.35,
    "std": 0.0,
    "min": 0.35,
    "max": 0.35,
    "count": 2
  },
  "nose_bridge_length_ratio": {
    "mean": 0.39999998400000064,
    "std": 0.0,
    "min": 0.39999998400000064,
    "max": 0.39999998400000064,
    "count": 2
  },
  "nose_width_ratio": {
    "mean": 0.599999976000001,
    "std": 0.0,
    "min": 0.599999976000001,
    "max": 0.599999976000001,
    "count": 2
  },
  "nose_base_width_ratio": {
    "mean": 0.599999976000001,
    "std": 0.0,
    "min": 0.599999976000001,
    "max": 0.599999976000001,
    "count": 2
  },
  "nose_symmetry": {
    "mean": 0.8749998906250137,
    "std": 0.0,
    "min": 0.8749998906250137,
    "max": 0.8749998906250137,
    "count": 2
  },
  "jaw_width_ratio": {
    "mean": 1.959999921600003,
    "std": 0.0,
    "min": 1.959999921600003,
    "max": 1.959999921600003,
    "count": 2
  },
  "face_height_ratio": {
    "mean": 1.9604080423585335,
    "std": 0.0,
    "min": 1.9604080423585335,
    "max": 1.9604080423585335,
    "count": 2
  },
  "face_aspect_ratio": {
    "mean": 0.9997917980637798,
    "std": 0.0,
    "min": 0.9997917980637798,
    "max": 0.9997917980637798,
    "count": 2
  },
  "chin_angle": {
    "mean": 107.37621508031893,
    "std": 0.0,
    "min": 107.37621508031893,
    "max": 107.37621508031893,
    "count": 2
  },
  "left_jaw_angle": {
    "mean": 112.7592704040362,
    "std": 0.0,
    "min": 112.7592704040362,
    "max": 112.7592704040362,
    "count": 2
  },
  "right_jaw_angle": {
    "mean": 113.87528079056604,
    "std": 0.0,
    "min": 113.87528079056604,
    "max": 113.87528079056604,
    "count": 2
  },
  "jaw_symmetry": {
    "mean": 0.9901997047209741,
    "std": 0.0,
    "min": 0.9901997047209741,
    "max": 0.9901997047209741,
    "count": 2
  },
  "cheekbone_width_ratio": {
    "mean": 1.7199999312000027,
    "std": 0.0,
    "min": 1.7199999312000027,
    "max": 1.7199999312000027,
    "count": 2
  },
  "left_cheekbone_angle": {
    "mean": 136.68468389680737,
    "std": 0.0,
    "min": 136.68468389680737,
    "max": 136.68468389680737,
    "count": 2
  },
  "right_cheekbone_angle": {
    "mean": 136.68468389680737,
    "std": 0.0,
    "min": 136.68468389680737,
    "max": 136.68468389680737,
    "count": 2
  },
  "cheekbone_symmetry": {
    "mean": 0.9999999926838914,
    "std": 0.0,
    "min": 0.9999999926838914,
    "max": 0.9999999926838914,
    "count": 2
  },
  "mouth_width_ratio": {
    "mean": 0.9199999632000014,
    "std": 0.0,
    "min": 0.9199999632000014,
    "max": 0.9199999632000014,
    "count": 2
  },
  "upper_lip_ratio": {
    "mean": 0.07999999680000013,
    "std": 0.0,
    "min": 0.07999999680000013,
    "max": 0.07999999680000013,
    "count": 2
  },
  "lower_lip_ratio": {
    "mean": 0.11999999520000018,
    "std": 0.0,
    "min": 0.11999999520000018,
    "max": 0.11999999520000018,
    "count": 2
  },
  "lip_ratio": {
    "mean": 0.6666611111571848,
    "std": 0.0,
    "min": 0.6666611111571848,
    "max": 0.6666611111571848,
    "count": 2
  },
  "mouth_nose_distance_ratio": {
    "mean": 0.3199999872000005,
    "std": 0.0,
    "min": 0.3199999872000005,
    "max": 0.3199999872000005,
    "count": 2
  },
  "upper_third_deviation": {
    "mean": 0.2653061062057485,
    "std": 0.0,
    "min": 0.2653061062057485,
    "max": 0.2653061062057485,
    "count": 2
  },
  "middle_third_deviation": {
    "mean": 0.020408162015826743,
    "std": 0.0,
    "min": 0.020408162015826743,
    "max": 0.020408162015826743,
    "count": 2
  },
  "lower_third_deviation": {
    "mean": 0.2857142682215755,
    "std": 0.0,
    "min": 0.2857142682215755,
    "max": 0.2857142682215755,
    "count": 2
  },
  "horizontal_symmetry": {
    "mean": 0.9545454111570267,
    "std": 0.0,
    "min": 0.9545454111570267,
    "max": 0.9545454111570267,
    "count": 2
  },
  "lbp_mean": {
    "mean": 153.09783935546875,
    "std": 0.0,
    "min": 153.09783935546875,
    "max": 153.09783935546875,
    "count": 2
  },
  "lbp_std": {
    "mean": 85.68104495778618,
    "std": 0.0,
    "min": 85.68104495778618,
    "max": 85.68104495778618,
    "count": 2
  },
  "lbp_entropy": {
    "mean": 5.584080219268799,
    "std": 0.0,
    "min": 5.584080219268799,
    "max": 5.584080219268799,
    "count": 2
  },
  "eyes_detected": {
    "mean": 0.0,
    "std": 0.0,
    "min": 0.0,
    "max": 0.0,
    "count": 2
  }
}