{
  "person_id": "13_ala__amara_",
  "created_at": "2025-11-29T19:32:39.654979",
  "features": [
    {
      "inter_eye_distance": 1.0,
      "left_eye_width_ratio": 0.35999998560000057,
      "right_eye_width_ratio": 0.35999998560000057,
      "eye_size_symmetry": 0.9999998888889013,
      "eye_tilt_angle": 0.0,
      "left_eye_aspect_ratio": 0.35,
      "right_eye_aspect_ratio": 0.35,
      "nose_bridge_length_ratio": 0.39999998400000064,
      "nose_width_ratio": 0.599999976000001,
      "nose_base_width_ratio": 0.599999976000001,
      "nose_symmetry": 0.8749998906250137,
      "jaw_width_ratio": 1.959999921600003,
      "face_height_ratio": 1.9604080423585335,
      "face_aspect_ratio": 0.9997917980637798,
      "chin_angle": 107.37621508031893,
      "left_jaw_angle": 112.7592704040362,
      "right_jaw_angle": 113.87528079056604,
      "jaw_symmetry": 0.9901997047209741,
      "cheekbone_width_ratio": 1.7199999312000027,
      "left_cheekbone_angle": 136.68468389680737,
      "right_cheekbone_angle": 136.68468389680737,
      "cheekbone_symmetry": 0.9999999926838914,
      "mouth_width_ratio": 0.9199999632000014,
      "upper_lip_ratio": 0.07999999680000013,
      "lower_lip_ratio": 0.11999999520000018,
      "lip_ratio": 0.6666611111571848,
      "mouth_nose_distance_ratio": 0.3199999872000005,
      "upper_third_deviation": 0.2653061062057485,
      "middle_third_deviation": 0.020408162015826743,
      "lower_third_deviation": 0.2857142682215755,
      "horizontal_symmetry": 0.9545454111570267,
      "lbp_mean": 153.09783935546875,
      "lbp_std": 85.68104495778618,
      "lbp_entropy": 5.584080219268799,
      "eyes_detected": 0.0,
      "source_image": "up",
      "feature_vector": [
        1.0,
        0.35999998450279236,
        0.35999998450279236,
        0.3499999940395355,
        0.3499999940395355,
        0.9999998807907104,
        0.0,
        0.3999999761581421,
        0.5999999642372131,
        0.5999999642372131,
        0.8749998807907104,
        1.959999918937683,
        1.960408091545105,
        0.9997918009757996,
        0.5965345501899719,
        0.6264404058456421,
        0.6326404213905334,
        0.9901996850967407,
        1.71999990940094,
        0.7593593597412109,
        0.7593593597412109,
        1.0,
        0.9199999570846558,
        0.07999999821186066,
        0.11999999731779099,
        0.6666610836982727,
        0.3199999928474426,
        0.26530611515045166,
        0.020408162847161293,
        0.2857142686843872,
        0.9545454382896423,
        0.6003836989402771,
        0.66938316822052,
        0.6980100274085999,
        0.03875732421875,
        0.00439453125,
        0.00042724609375,
        0.00201416015625,
        0.0052490234375,
        0.00030517578125,
        0.0030517578125,
        0.01458740234375,
        0.000244140625,
        0.00018310546875,
        0.0,
        0.00018310546875,
        0.00299072265625,
        0.000244140625,
        0.003662109375,
        0.0179443359375,
        0.00323486328125,
        0.0009765625,
        0.0001220703125,
        0.00054931640625,
        0.00018310546875,
        0.0,
        0.00018310546875,
        0.00048828125,
        0.00323486328125,
        0.0006103515625,
        0.0,
        0.0,
        0.01580810546875,
        0.00091552734375,
        0.02020263671875,
        0.0166015625
      ]
    },
    {
      "inter_eye_distance": 1.0,
      "left_eye_width_ratio": 0.35999998560000057,
      "right_eye_width_ratio": 0.35999998560000057,
      "eye_size_symmetry": 0.9999998888889013,
      "eye_tilt_angle": 0.0,
      "left_eye_aspect_ratio": 0.35,
      "right_eye_aspect_ratio": 0.35,
      "nose_bridge_length_ratio": 0.39999998400000064,
      "nose_width_ratio": 0.599999976000001,
      "nose_base_width_ratio": 0.599999976000001,
      "nose_symmetry": 0.8749998906250137,
      "jaw_width_ratio": 1.959999921600003,
      "face_height_ratio": 1.9604080423585335,
      "face_aspect_ratio": 0.9997917980637798,
      "chin_angle": 107.37621508031893,
      "left_jaw_angle": 112.7592704040362,
      "right_jaw_angle": 113.87528079056604,
      "jaw_symmetry": 0.9901997047209741,
      "cheekbone_width_ratio": 1.7199999312000027,
      "left_cheekbone_angle": 136.68468389680737,
      "right_cheekbone_angle": 136.68468389680737,
      "cheekbone_symmetry": 0.9999999926838914,
      "mouth_width_ratio": 0.9199999632000014,
      "upper_lip_ratio": 0.07999999680000013,
      "lower_lip_ratio": 0.11999999520000018,
      "lip_ratio": 0.6666611111571848,
      "mouth_nose_distance_ratio": 0.3199999872000005,
      "upper_third_deviation": 0.2653061062057485,
      "middle_third_deviation": 0.020408162015826743,
      "lower_third_deviation": 0.2857142682215755,
      "horizontal_symmetry": 0.9545454111570267,
      "lbp_mean": 153.09783935546875,
      "lbp_std": 85.68104495778618,
      "lbp_entropy": 5.584080219268799,
      "eyes_detected": 0.0,
      "source_image": "up",
      "feature_vector": [
        1.0,
        0.35999998450279236,
        0.35999998450279236,
        0.3499999940395355,
        0.3499999940395355,
        0.9999998807907104,
        0.0,
        0.3999999761581421,
        0.5999999642372131,
        0.5999999642372131,
        0.8749998807907104,
        1.959999918937683,
        1.960408091545105,
        0.9997918009757996,
        0.5965345501899719,
        0.6264404058456421,
        0.6326404213905334,
        0.9901996850967407,
        1.71999990940094,
        0.7593593597412109,
        0.7593593597412109,
        1.0,
        0.9199999570846558,
        0.07999999821186066,
        0.11999999731779099,
        0.6666610836982727,
        0.3199999928474426,
        0.26530611515045166,
        0.020408162847161293,
        0.2857142686843872,
        0.9545454382896423,
        0.6003836989402771,
        0.66938316822052,
        0.6980100274085999,
        0.03875732421875,
        0.00439453125,
        0.00042724609375,
        0.00201416015625,
        0.0052490234375,
        0.00030517578125,
        0.0030517578125,
        0.01458740234375,
        0.000244140625,
        0.00018310546875,
        0.0,
        0.00018310546875,
        0.00299072265625,
        0.000244140625,
        0.003662109375,
        0.0179443359375,
        0.00323486328125,
        0.0009765625,
        0.0001220703125,
        0.00054931640625,
        0.00018310546875,
        0.0,
        0.00018310546875,
        0.00048828125,
        0.00323486328125,
        0.0006103515625,
        0.0,
        0.0,
        0.01580810546875,
        0.00091552734375,
        0.02020263671875,
        0.0166015625
      ]
    }
  ]
}