{
  "inter_eye_distance": {
    "mean": 1.0,
    "std": 0.0,
    "min": 1.0,
    "max": 1.0,
    "count": 4
  },
  "left_eye_width_ratio": {
    "mean": 0.40097400966119984,
    "std": 0.008116880834668744,
    "min": 0.3928571288265311,
    "max": 0.4090908904958686,
    "count": 4
  },
  "right_eye_width_ratio": {
    "mean": 0.40097400966119984,
    "std": 0.008116880834668744,
    "min": 0.3928571288265311,
    "max": 0.4090908904958686,
    "count": 4
  },
  "eye_size_symmetry": {
    "mean": 0.9999998989899094,
    "std": 1.0101008030005687e-08,
    "min": 0.9999998888889013,
    "max": 0.9999999090909174,
    "count": 4
  },
  "eye_tilt_angle": {
    "mean": 0.0,
    "std": 0.0,
    "min": 0.0,
    "max": 0.0,
    "count": 4
  },
  "left_eye_aspect_ratio": {
    "mean": 0.35,
    "std": 0.0,
    "min": 0.35,
    "max": 0.35,
    "count": 4
  },
  "right_eye_aspect_ratio": {
    "mean": 0.35,
    "std": 0.0,
    "min": 0.35,
    "max": 0.35,
    "count": 4
  },
  "nose_bridge_length_ratio": {
    "mean": 0.40097400966119984,
    "std": 0.008116880834668744,
    "min": 0.3928571288265311,
    "max": 0.4090908904958686,
    "count": 4
  },
  "nose_width_ratio": {
    "mean": 0.6217532214486011,
    "std": 0.014610385989416663,
    "min": 0.6071428354591845,
    "max": 0.6363636074380178,
    "count": 4
  },
  "nose_base_width_ratio": {
    "mean": 0.6217532214486011,
    "std": 0.014610385989416663,
    "min": 0.6071428354591845,
    "max": 0.6363636074380178,
    "count": 4
  },
  "nose_symmetry": {
    "mean": 0.9444443236331727,
    "std": 0.055555533509704824,
    "min": 0.8888887901234679,
    "max": 0.9999998571428775,
    "count": 4
  },
  "jaw_width_ratio": {
    "mean": 2.045454462219602,
    "std": 0.04545453364817098,
    "min": 1.999999928571431,
    "max": 2.090908995867773,
    "count": 4
  },
  "face_height_ratio": {
    "mean": 2.045454462219602,
    "std": 0.04545453364817098,
    "min": 1.999999928571431,
    "max": 2.090908995867773,
    "count": 4
  },
  "face_aspect_ratio": {
    "mean": 0.9999999802018638,
    "std": 1.9409936991010568e-09,
    "min": 0.9999999782608701,
    "max": 0.9999999821428575,
    "count": 4
  },
  "chin_angle": {
    "mean": 106.66086794653478,
    "std": 0.4006632518646782,
    "min": 106.26020469467011,
    "max": 107.06153119839946,
    "count": 4
  },
  "left_jaw_angle": {
    "mean": 113.60406568566222,
    "std": 1.1710748303998813,
    "min": 112.43299085526233,
    "max": 114.7751405160621,
    "count": 4
  },
  "right_jaw_angle": {
    "mean": 111.67874627859756,
    "std": 0.7542445766647745,
    "min": 110.92450170193278,
    "max": 112.43299085526233,
    "count": 4
  },
  "jaw_symmetry": {
    "mean": 0.9832252838720223,
    "std": 0.01677470723379121,
    "min": 0.9664505766382311,
    "max": 0.9999999911058135,
    "count": 4
  },
  "cheekbone_width_ratio": {
    "mean": 1.784090836518598,
    "std": 0.034090899018595744,
    "min": 1.7499999375000022,
    "max": 1.8181817355371936,
    "count": 4
  },
  "left_cheekbone_angle": {
    "mean": 136.14612979420224,
    "std": 1.5801807286435547,
    "min": 134.56594906555867,
    "max": 137.72631052284578,
    "count": 4
  },
  "right_cheekbone_angle": {
    "mean": 139.33186311255753,
    "std": 1.6055525897117633,
    "min": 137.72631052284578,
    "max": 140.9374157022693,
    "count": 4
  },
  "cheekbone_symmetry": {
    "mean": 0.9773961066936344,
    "std": 0.022603886045588772,
    "min": 0.9547922206480457,
    "max": 0.9999999927392232,
    "count": 4
  },
  "mouth_width_ratio": {
    "mean": 0.9009739893689929,
    "std": 0.008116878399603955,
    "min": 0.8928571109693889,
    "max": 0.9090908677685968,
    "count": 4
  },
  "upper_lip_ratio": {
    "mean": 0.08831168471496051,
    "std": 0.002597402061899172,
    "min": 0.08571428265306134,
    "max": 0.09090908677685969,
    "count": 4
  },
  "lower_lip_ratio": {
    "mean": 0.13246752707244075,
    "std": 0.0038961030928487683,
    "min": 0.12857142397959198,
    "max": 0.13636363016528952,
    "count": 4
  },
  "lip_ratio": {
    "mean": 0.6666616296675163,
    "std": 1.4814589088807395e-07,
    "min": 0.6666614815216254,
    "max": 0.6666617778134072,
    "count": 4
  },
  "mouth_nose_distance_ratio": {
    "mean": 0.3207942021225548,
    "std": 0.0026123984035458514,
    "min": 0.3181818037190089,
    "max": 0.3234066005261006,
    "count": 4
  },
  "upper_third_deviation": {
    "mean": 0.2663043319141585,
    "std": 0.016304345307014828,
    "min": 0.24999998660714362,
    "max": 0.2826086772211733,
    "count": 4
  },
  "middle_third_deviation": {
    "mean": 0.028726706409016964,
    "std": 0.006987577392003603,
    "min": 0.021739129017013362,
    "max": 0.03571428380102057,
    "count": 4
  },
  "lower_third_deviation": {
    "mean": 0.2950310383231753,
    "std": 0.009316767915011265,
    "min": 0.285714270408164,
    "max": 0.3043478062381865,
    "count": 4
  },
  "horizontal_symmetry": {
    "mean": 0.979999955800002,
    "std": 0.019999994200000478,
    "min": 0.9599999616000015,
    "max": 0.9999999500000024,
    "count": 4
  },
  "lbp_mean": {
    "mean": 135.81903076171875,
    "std": 2.827880859375,
    "min": 132.99114990234375,
    "max": 138.64691162109375,
    "count": 4
  },
  "lbp_std": {
    "mean": 82.89001219714203,
    "std": 0.2982610213249117,
    "min": 82.59175117581711,
    "max": 83.18827321846693,
    "count": 4
  },
  "lbp_entropy": {
    "mean": 5.537009239196777,
    "std": 0.05531454086303711,
    "min": 5.48169469833374,
    "max": 5.5923237800598145,
    "count": 4
  },
  "eyes_detected": {
    "mean": 0.0,
    "std": 0.0,
    "min": 0.0,
    "max": 0.0,
    "count": 4
  }
}