{
  "person_id": "12_aziz_jlassi",
  "created_at": "2025-11-29T19:32:30.814769",
  "features": [
    {
      "inter_eye_distance": 1.0,
      "left_eye_width_ratio": 0.3928571288265311,
      "right_eye_width_ratio": 0.3928571288265311,
      "eye_size_symmetry": 0.9999999090909174,
      "eye_tilt_angle": 0.0,
      "left_eye_aspect_ratio": 0.35,
      "right_eye_aspect_ratio": 0.35,
      "nose_bridge_length_ratio": 0.3928571288265311,
      "nose_width_ratio": 0.6071428354591845,
      "nose_base_width_ratio": 0.6071428354591845,
      "nose_symmetry": 0.8888887901234679,
      "jaw_width_ratio": 1.999999928571431,
      "face_height_ratio": 1.999999928571431,
      "face_aspect_ratio": 0.9999999821428575,
      "chin_angle": 106.26020469467011,
      "left_jaw_angle": 114.7751405160621,
      "right_jaw_angle": 110.92450170193278,
      "jaw_symmetry": 0.9664505766382311,
      "cheekbone_width_ratio": 1.7499999375000022,
      "left_cheekbone_angle": 134.56594906555867,
      "right_cheekbone_angle": 140.9374157022693,
      "cheekbone_symmetry": 0.9547922206480457,
      "mouth_width_ratio": 0.8928571109693889,
      "upper_lip_ratio": 0.08571428265306134,
      "lower_lip_ratio": 0.12857142397959198,
      "lip_ratio": 0.6666614815216254,
      "mouth_nose_distance_ratio": 0.3234066005261006,
      "upper_third_deviation": 0.24999998660714362,
      "middle_third_deviation": 0.03571428380102057,
      "lower_third_deviation": 0.285714270408164,
      "horizontal_symmetry": 0.9599999616000015,
      "lbp_mean": 132.99114990234375,
      "lbp_std": 83.18827321846693,
      "lbp_entropy": 5.5923237800598145,
      "eyes_detected": 0.0,
      "source_image": "center",
      "feature_vector": [
        1.0,
        0.3928571343421936,
        0.3928571343421936,
        0.3499999940395355,
        0.3499999940395355,
        0.9999998807907104,
        0.0,
        0.3928571343421936,
        0.6071428060531616,
        0.6071428060531616,
        0.8888887763023376,
        1.9999998807907104,
        1.9999998807907104,
        1.0,
        0.5903344750404358,
        0.6376396417617798,
        0.6162472367286682,
        0.966450572013855,
        1.7499998807907104,
        0.7475886344909668,
        0.7829856276512146,
        0.9547922015190125,
        0.8928571343421936,
        0.08571428060531616,
        0.12857142090797424,
        0.6666615009307861,
        0.3234066069126129,
        0.2499999850988388,
        0.0357142835855484,
        0.2857142686843872,
        0.9599999785423279,
        0.5215339064598083,
        0.6499083638191223,
        0.6990404725074768,
        0.03826904296875,
        0.00250244140625,
        0.000244140625,
        0.00201416015625,
        0.008056640625,
        0.00018310546875,
        0.0029296875,
        0.01348876953125,
        0.00048828125,
        0.0,
        0.0,
        6.103515625e-05,
        0.003662109375,
        0.0003662109375,
        0.00579833984375,
        0.02667236328125,
        0.00262451171875,
        0.00042724609375,
        0.0001220703125,
        0.0001220703125,
        0.000244140625,
        0.0,
        0.0003662109375,
        0.0003662109375,
        0.003173828125,
        0.00030517578125,
        6.103515625e-05,
        0.00042724609375,
        0.01568603515625,
        0.00128173828125,
        0.026611328125,
        0.027099609375
      ]
    },
    {
      "inter_eye_distance": 1.0,
      "left_eye_width_ratio": 0.3928571288265311,
      "right_eye_width_ratio": 0.3928571288265311,
      "eye_size_symmetry": 0.9999999090909174,
      "eye_tilt_angle": 0.0,
      "left_eye_aspect_ratio": 0.35,
      "right_eye_aspect_ratio": 0.35,
      "nose_bridge_length_ratio": 0.3928571288265311,
      "nose_width_ratio": 0.6071428354591845,
      "nose_base_width_ratio": 0.6071428354591845,
      "nose_symmetry": 0.8888887901234679,
      "jaw_width_ratio": 1.999999928571431,
      "face_height_ratio": 1.999999928571431,
      "face_aspect_ratio": 0.9999999821428575,
      "chin_angle": 106.26020469467011,
      "left_jaw_angle": 114.7751405160621,
      "right_jaw_angle": 110.92450170193278,
      "jaw_symmetry": 0.9664505766382311,
      "cheekbone_width_ratio": 1.7499999375000022,
      "left_cheekbone_angle": 134.56594906555867,
      "right_cheekbone_angle": 140.9374157022693,
      "cheekbone_symmetry": 0.9547922206480457,
      "mouth_width_ratio": 0.8928571109693889,
      "upper_lip_ratio": 0.08571428265306134,
      "lower_lip_ratio": 0.12857142397959198,
      "lip_ratio": 0.6666614815216254,
      "mouth_nose_distance_ratio": 0.3234066005261006,
      "upper_third_deviation": 0.24999998660714362,
      "middle_third_deviation": 0.03571428380102057,
      "lower_third_deviation": 0.285714270408164,
      "horizontal_symmetry": 0.9599999616000015,
      "lbp_mean": 132.99114990234375,
      "lbp_std": 83.18827321846693,
      "lbp_entropy": 5.5923237800598145,
      "eyes_detected": 0.0,
      "source_image": "center",
      "feature_vector": [
        1.0,
        0.3928571343421936,
        0.3928571343421936,
        0.3499999940395355,
        0.3499999940395355,
        0.9999998807907104,
        0.0,
        0.3928571343421936,
        0.6071428060531616,
        0.6071428060531616,
        0.8888887763023376,
        1.9999998807907104,
        1.9999998807907104,
        1.0,
        0.5903344750404358,
        0.6376396417617798,
        0.6162472367286682,
        0.966450572013855,
        1.7499998807907104,
        0.7475886344909668,
        0.7829856276512146,
        0.9547922015190125,
        0.8928571343421936,
        0.08571428060531616,
        0.12857142090797424,
        0.6666615009307861,
        0.3234066069126129,
        0.2499999850988388,
        0.0357142835855484,
        0.2857142686843872,
        0.9599999785423279,
        0.5215339064598083,
        0.6499083638191223,
        0.6990404725074768,
        0.03826904296875,
        0.00250244140625,
        0.000244140625,
        0.00201416015625,
        0.008056640625,
        0.00018310546875,
        0.0029296875,
        0.01348876953125,
        0.00048828125,
        0.0,
        0.0,
        6.103515625e-05,
        0.003662109375,
        0.0003662109375,
        0.00579833984375,
        0.02667236328125,
        0.00262451171875,
        0.00042724609375,
        0.0001220703125,
        0.0001220703125,
        0.000244140625,
        0.0,
        0.0003662109375,
        0.0003662109375,
        0.003173828125,
        0.00030517578125,
        6.103515625e-05,
        0.00042724609375,
        0.01568603515625,
        0.00128173828125,
        0.026611328125,
        0.027099609375
      ]
    },
    {
      "inter_eye_distance": 1.0,
      "left_eye_width_ratio": 0.4090908904958686,
      "right_eye_width_ratio": 0.4090908904958686,
      "eye_size_symmetry": 0.9999998888889013,
      "eye_tilt_angle": 0.0,
      "left_eye_aspect_ratio": 0.35,
      "right_eye_aspect_ratio": 0.35,
      "nose_bridge_length_ratio": 0.4090908904958686,
      "nose_width_ratio": 0.6363636074380178,
      "nose_base_width_ratio": 0.6363636074380178,
      "nose_symmetry": 0.9999998571428775,
      "jaw_width_ratio": 2.090908995867773,
      "face_height_ratio": 2.090908995867773,
      "face_aspect_ratio": 0.9999999782608701,
      "chin_angle": 107.06153119839946,
      "left_jaw_angle": 112.43299085526233,
      "right_jaw_angle": 112.43299085526233,
      "jaw_symmetry": 0.9999999911058135,
      "cheekbone_width_ratio": 1.8181817355371936,
      "left_cheekbone_angle": 137.72631052284578,
      "right_cheekbone_angle": 137.72631052284578,
      "cheekbone_symmetry": 0.9999999927392232,
      "mouth_width_ratio": 0.9090908677685968,
      "upper_lip_ratio": 0.09090908677685969,
      "lower_lip_ratio": 0.13636363016528952,
      "lip_ratio": 0.6666617778134072,
      "mouth_nose_distance_ratio": 0.3181818037190089,